,Cow/Veal,Poultry,Pork,Lamb/Sheep
Water/Pound,1845,515,719,1246.19
Carbon/Pound,13.3,3.5,3.3,3.72
Methane/Pound,0.697914782,0.010042872,0.115931446,0.603108787